email,firstName,lastName
john.doe@example.com,John,Doe
jane.smith@example.com,Jane,Smith
michael.johnson@example.com,Michael,Johnson
emily.williams@example.com,Emily,Williams
david.brown@example.com,David,Brown
sarah.miller@example.com,Sarah,Miller
ryan.wilson@example.com,Ryan,Wilson
laura.davis@example.com,Laura,Davis
kevin.moore@example.com,Kevin,Moore
amanda.lee@example.com,Amanda,Lee
matthew.taylor@example.com,Matthew,Taylor
olivia.anderson@example.com,Olivia,Anderson
james.white@example.com,James,White
natalie.thomas@example.com,Natalie,Thomas
brandon.jackson@example.com,Brandon,Jackson
katherine.robinson@example.com,Katherine,Robinson
justin.harris@example.com,Justin,Harris
anna.thompson@example.com,Anna,Thompson
eric.evans@example.com,Eric,Evans
samantha.hall@example.com,Samantha,Hall